TAZ,ret30_orig
1,4906
2,5975
3,6983
4,7137
5,8536
6,7573
7,7352
8,6827
9,4586
10,3919
11,3783
12,4115
13,4493
14,5136
15,6693
16,7343
17,7571
18,8033
19,8435
20,6746
21,6945
22,6544
23,3552
24,4366
25,4263
26,6218
27,7175
28,7389
29,6936
30,6085
31,4509
32,6215
33,3471
34,2555
35,2277
36,2305
37,2097
38,2255
39,1228
40,2141
41,2466
42,2381
43,4564
44,4407
45,6114
46,7178
47,7212
48,7363
49,7491
50,7798
51,7624
52,8021
53,7925
54,7945
55,7781
56,6144
57,6445
58,4877
59,4196
60,4203
61,3452
62,3026
63,1749
64,2774
65,4464
66,5273
67,6280
68,5324
69,6090
70,7029
71,7585
72,7359
73,6982
74,6518
75,6816
76,5127
77,5634
78,5092
79,4786
80,4610
81,5086
82,3271
83,3501
84,4083
85,1792
86,1493
87,2528
88,542
89,5262
90,3507
91,6810
92,7300
93,7206
94,5814
95,5428
96,3508
97,3013
98,1488
99,3301
100,1637
101,1998
102,4707
103,6834
104,6731
105,6823
106,5470
107,5019
108,3734
109,2699
110,5846
111,3539
112,1683
113,796
114,1082
115,130
116,703
117,5590
118,4058
119,1942
120,4416
122,2608
123,4442
124,51
125,602
126,2441
127,2021
128,95
129,146
130,113
131,141
132,370
133,519
134,740
135,126
136,114
137,123
138,99
139,250
140,281
141,587
142,1236
143,845
144,1635
145,145
146,326
147,1331
148,1471
149,3522
150,2262
151,2366
152,2156
153,2255
154,2025
155,809
156,1285
157,1785
158,7307
159,7438
160,2496
161,7605
162,7838
163,7269
164,8159
165,7561
166,7504
167,7325
169,7600
170,3676
171,8607
172,2889
173,8676
174,3436
175,3119
176,6277
177,6581
178,4460
179,5832
180,4362
181,4703
182,4432
183,4400
184,3446
185,3423
186,3494
187,4198
188,8409
189,4524
190,4507
191,2769
192,3148
193,3236
194,2933
195,3836
196,3380
197,2836
198,2626
199,2749
200,2069
201,2068
202,2374
203,905
204,1590
205,852
206,799
207,835
208,1807
209,1778
210,2690
211,1693
212,1355
213,924
214,477
215,105
216,1335
217,1471
219,1961
220,2880
221,3342
222,3242
223,2698
224,2343
225,1184
226,1688
227,690
228,1074
229,1084
230,1394
231,886
232,855
233,296
234,191
235,63
236,218
237,259
238,54
239,912
240,631
241,603
242,279
243,294
244,89
245,65
246,166
247,353
248,191
249,354
250,348
251,661
252,1148
253,5171
254,5552
255,8191
256,4503
257,2172
258,2512
259,1715
260,1282
261,1194
262,2561
263,1633
264,538
265,99
266,306
267,357
268,386
269,386
270,355
271,664
272,7
273,37
274,592
275,676
276,587
277,385
278,100
279,191
280,345
281,212
282,196
283,29
284,17
285,261
286,21
287,455
288,1945
289,1904
290,1430
291,1191
292,1767
293,316
294,433
295,569
296,328
297,282
298,108
299,316
300,299
301,216
302,31
303,5
304,34
305,6
306,105
307,29
1001,2178
1002,2113
1003,1589
1004,1791
1005,1811
1006,2050
1007,3671
1008,1672
1009,2217
1010,1448
1011,1726
1012,1273
1013,1192
1014,1190
1015,1509
1016,1620
1017,1856
1018,1892
1019,3753
1020,3941
1021,3124
1022,604
1023,1229
1024,2025
1025,1254
1026,1149
1027,1188
1028,1225
1029,1155
1030,1003
1031,1014
1032,1018
1033,1002
1034,1354
1035,1126
1036,984
1037,1076
1038,740
1039,938
1040,95
1041,964
1042,136
1043,159
1044,766
1045,673
1046,215
1047,200
1048,127
1049,253
1050,491
1051,725
1052,956
1053,816
1054,737
1055,240
1056,556
1057,711
1058,561
1059,307
1060,825
1061,240
1062,275
1063,608
1064,589
1065,589
1066,907
1067,843
1068,912
1069,820
1070,843
1071,1007
1072,843
1073,840
1074,867
1075,913
1076,1009
1077,829
1078,587
1079,677
1080,754
1081,207
1082,430
1083,83
1084,426
1085,183
1086,194
1087,180
1088,180
1089,694
1090,676
1091,189
1092,266
1093,247
1094,363
1095,382
1096,134
1097,240
1098,262
1099,200
1100,176
1101,182
1102,30
1103,147
1104,1
1105,39
1106,92
1107,110
1108,0
1109,91
1110,116
1111,113
1112,25
1113,6
1114,0
1115,8
1116,80
1117,1002
1118,55
1119,21
1120,23
1121,2730
1122,8
1123,1874
1124,149
1125,415
1126,489
1127,644
1128,411
1129,463
1130,574
1131,4123
1132,7807
1133,5533
1134,3397
1135,7525
1136,7702
1137,8677
1138,8798
1139,7807
1140,7773
1141,7807
1142,7938
1143,7938
1144,7945
1145,7836
1146,7964
1147,7957
1148,8877
1149,8717
1150,7297
1151,7892
1152,7836
1153,5817
1154,3122
1155,1715
1156,647
1157,1795
1158,69
1159,306
1160,276
1161,324
1162,3021
1163,5662
1164,6317
1165,7885
1166,7809
1167,4681
1168,537
1169,1931
1170,250
1171,37
1172,113
1173,33
1174,44
1175,557
1176,34
1177,599
1178,308
1179,660
1180,743
1181,799
1182,2536
1183,1207
1184,5650
1185,5315
1186,3543
1187,2438
1188,1413
1189,5815
1190,5762
1191,5106
1192,3369
1193,1023
1194,37
1195,97
1196,276
1197,15
1198,14
1199,21
1200,29
1201,36
1202,42
1203,22
1204,35
1205,4
1206,21
1207,32
1208,28
1209,56
1210,21
1211,10
1212,197
1213,77
1214,929
1215,7688
1216,6805
1217,170
1218,149
1219,177
1220,2290
1221,209
1222,283
1223,209
1224,454
1225,3254
2001,9719
2002,11265
2003,9728
2004,11051
2005,9790
2006,14053
2007,13633
2008,10293
2009,14070
2010,12839
2011,12282
2012,9723
2013,9137
2014,6592
2015,6497
2016,4910
2017,8115
2018,6397
2019,8296
2020,8829
2021,6478
2022,6107
2023,5428
2024,5327
2025,4988
2026,3455
2027,3408
2028,4018
2029,7342
2030,4004
2031,5605
2032,13626
2033,8219
2034,12852
2035,11449
2036,12898
2037,13362
2038,11882
2039,11338
2040,11281
2041,12177
2042,12194
2043,11088
2044,11675
2045,12222
2046,10870
2047,10238
2048,8626
2049,10645
2050,10096
2051,10817
2052,10704
2053,10819
2054,12873
2055,9331
2056,10393
2057,8211
2058,1472
2059,463
2060,648
2061,8566
2062,1539
2063,7477
2064,8793
2065,8567
2066,6443
2067,6772
2068,2896
2069,8502
2070,2525
2071,4112
2072,2260
2073,1824
2074,1782
2075,2494
2076,2550
2077,2503
2078,1114
2079,1600
2080,1957
2081,2215
2082,1899
2083,391
2084,247
2085,430
2086,987
2087,1162
2088,1517
2089,1701
2090,1465
2091,3624
2092,4404
2093,4806
2094,3310
2095,3782
2096,4172
2097,4724
2098,3824
2099,4283
2100,4435
2101,4136
2102,3989
2103,3996
2104,4747
2105,2342
2106,10635
2107,1400
2108,3899
2109,3737
2110,3543
2111,3112
2112,1171
2113,721
2114,935
2115,1259
2116,1404
2117,1504
2118,1394
2119,1136
2120,7656
2121,5038
2122,7226
2123,4439
2124,3774
2125,3074
2126,3174
2127,1174
2128,1357
2129,2212
2130,1554
2131,2930
2132,3495
2133,5201
2134,4502
2135,5405
2136,4587
2137,2394
2138,3712
2139,1648
2140,3008
2141,3139
2142,561
2143,382
2144,312
2145,1083
2146,1340
2147,1436
2148,9317
2149,13070
2150,3993
2151,86
2152,117
2153,98
2154,70
2155,57
2156,108
2157,1091
2158,931
2159,416
2160,475
2161,415
2162,73
2163,154
2164,201
2165,560
2166,1350
2167,210
2168,210
2169,544
2170,541
2171,640
2172,487
2173,724
2174,1889
2175,2136
2176,467
2177,505
2178,130
2179,258
2180,271
2181,215
2182,379
2183,45
2184,11534
2185,11465
2186,115
2187,105
2188,116
2189,54
2190,633
2191,502
2192,138
2193,133
2194,193
2195,531
2196,73
2197,1090
2198,24
2199,21
2200,41
2201,35
2202,586
2203,35
2204,49
2205,52
2206,398
2207,358
2208,394
2209,704
2210,701
2211,704
2212,725
2213,698
2214,678
2215,619
2216,496
2217,149
2218,72
2219,63
2220,21
2221,705
2222,356
2223,701
2224,704
2225,827
2226,827
2227,716
2228,609
2229,222
2230,697
2231,691
2232,820
2233,707
2234,399
2235,269
2236,1144
2237,70
2238,1285
2239,1128
2240,583
2241,1338
2242,546
2243,546
2244,454
2245,376
2246,2148
2247,81
2248,57
2301,136
3001,6951
3002,6342
3003,6224
3004,6115
3005,6090
3006,5340
3007,5708
3008,6115
3009,6334
3010,5845
3011,6890
3012,6951
3013,7184
3014,7086
3015,7081
3016,7086
3017,7143
3018,7882
3019,7559
3020,7291
3021,7733
3022,7938
3023,8206
3024,10320
3025,8113
3026,9511
3027,9726
3028,9419
3029,8889
3030,8592
3031,8874
3032,9720
3033,8073
3034,7990
3035,7641
3036,7535
3037,7887
3038,7463
3039,7405
3040,7580
3041,7596
3042,8056
3043,7479
3044,6885
3045,6676
3046,7327
3047,5285
3048,6174
3049,7320
3050,6697
3051,6369
3052,5866
3053,5896
3054,5705
3055,4216
3056,3100
3057,4177
3058,2604
3059,2083
3060,1072
3061,366
3062,1391
3063,2659
3064,5267
3065,4378
3066,4733
3067,4844
3068,5143
3069,5237
3070,5809
3071,7381
3072,7151
3073,7426
3074,7570
3075,8968
3076,8973
3077,7859
3078,7131
3079,9149
3080,9094
3081,8821
3082,6701
3083,6444
3084,6639
3085,8173
3086,8399
3087,8918
3088,8220
3089,7222
3090,6841
3092,8829
3093,6724
3094,8938
3095,7554
3096,4970
3097,5821
3099,5324
3100,4785
3101,1357
3102,3573
3103,2609
3104,6375
3105,4603
3106,5027
3107,4614
3109,1801
3110,3490
3111,3426
3112,4070
3113,4258
3114,4859
3115,5537
3116,5387
3118,7094
3119,5847
3120,5847
3121,5735
3122,5700
3123,5475
3124,4492
3125,4393
3126,5552
3127,4473
3128,4493
3129,4474
3130,4539
3131,5004
3132,5292
3133,4404
3134,3352
3135,2654
3136,2959
3137,3103
3138,3535
3140,689
3141,686
3142,550
3143,2207
3144,775
3145,1448
3146,481
3147,2876
3148,2569
3149,670
3150,1012
3151,2488
3152,3489
3153,3651
3154,4091
3155,4156
3157,3235
3158,3324
3159,3525
3160,4410
3161,3947
3162,4822
3163,4869
3164,4645
3165,5443
3166,5647
3167,6689
3168,7086
3169,5068
3170,6859
3171,5869
3172,4584
3173,4729
3174,5103
3175,3581
3176,4672
3177,4022
3178,4232
3179,3889
3180,3382
3181,2523
3182,3158
3183,2203
3184,5271
3185,4624
3186,5998
3187,5419
3188,3085
3189,2208
3190,888
3191,4705
3192,4824
3193,5798
3194,4750
3195,3651
3196,4710
3197,1598
3198,2825
3199,2705
3200,4434
3201,4645
3202,4636
3203,4124
3204,3042
3205,3162
3206,3162
3207,7137
3208,4583
3209,7589
3210,7704
3211,13383
3212,11764
3213,5397
3214,5061
3215,4126
3216,4928
3217,2323
3218,4812
3219,460
3220,1195
3221,4
3222,542
3223,1186
3224,552
3225,655
3226,91
3227,86
3228,19
3229,21
3230,15
3231,26
3232,792
3233,283
3234,761
3235,935
3236,219
3237,138
3238,71
3239,1214
3240,1266
3241,1421
3242,3
3243,246
3244,242
3245,22
3246,1351
3247,815
3248,1373
3249,24
3250,24
3251,69
3252,0
3253,0
3254,18
3255,51
3257,83
3258,44
3259,25
3260,208
3261,707
3262,458
3263,354
3264,275
3265,807
3266,637
3267,989
3268,994
3269,962
3270,318
3271,712
3272,1354
3273,22
3274,145
3275,553
3276,520
3277,1629
3278,1661
3279,2174
3280,2086
3281,1615
3282,1615
3283,1614
3284,12
3285,472
3286,40
3287,1536
3288,1491
3289,1635
3290,1646
3291,276
3292,17
3293,198
3294,243
3295,336
3296,25
3297,7920
3298,2183
3299,4446
3300,5951
3301,3787
3302,1252
3303,571
3304,2262
3305,6847
3306,7667
3307,963
3308,381
3309,1252
3310,590
3311,1007
3312,730
3313,727
3314,400
3315,571
3316,654
3317,1197
3318,9495
3319,814
3320,1715
3321,805
3322,90
3323,22
3324,0
3325,1635
3326,502
3327,188
3328,51
3329,0
3331,334
3332,26
3333,264
3334,91
3335,9872
3336,5297
3337,927
3338,5969
3339,1266
3340,718
3341,683
3342,694
3343,8353
3401,18
3402,18
3403,3
3404,15
3405,15
3406,0
3407,25
3408,535
3409,25
4001,4326
4002,4436
4003,4191
4004,4021
4005,4240
4006,3955
4007,5068
4008,4211
4009,5152
4010,4899
4011,5280
4012,5306
4013,4908
4014,4957
4015,3696
4016,4031
4017,4157
4018,4295
4019,3947
4020,5099
4021,4241
4022,3740
4023,3872
4024,2768
4025,2818
4026,2423
4027,2095
4028,5252
4029,5340
4030,5190
4031,5474
4032,5181
4033,3129
4034,4464
4035,2498
4036,2639
4037,3525
4038,4700
4039,1410
4040,1392
4041,1218
4042,3965
4043,1019
4044,3344
4045,833
4046,308
4047,378
4048,51
4049,274
4050,1008
4051,304
4052,257
4053,292
4054,895
4055,271
4056,61
4057,141
4058,389
4059,2267
4060,182
4061,385
4062,968
4063,137
4064,915
4065,2002
4066,148
4067,937
4068,315
4069,123
4070,150
4071,58
4072,50
4073,204
4074,67
4075,67
4076,92
4077,60
4078,64
4079,142
4080,71
4081,139
4082,115
4083,108
4084,118
4085,201
4086,171
4087,68
4088,159
4089,68
4090,147
4091,282
4092,324
4093,241
4094,57
4095,55
4096,83
4097,79
4098,83
4099,79
4100,35
4101,76
4102,103
4103,530
4104,547
4105,1187
4106,1576
4107,1551
4108,1609
4109,1568
4110,1787
4111,1789
4112,1803
4113,1407
4114,886
4115,1797
4116,1751
4117,1817
4118,1801
4119,1838
4120,1415
4121,2108
4122,2083
4123,1880
4124,365
4125,1117
4126,1048
4127,1079
4128,652
4129,772
4130,351
4131,125
4132,106
4133,106
4134,115
4135,660
4136,1137
4137,125
4138,160
4139,45
4140,86
4141,94
4142,125
4143,45
4144,100
4145,216
4146,769
4147,1376
4148,3972
4149,4227
4150,3723
4151,1066
4152,264
4153,394
4154,70
4155,19
4156,1
4157,20
4158,514
4159,503
4160,507
4161,521
4162,521
4163,540
4164,270
4165,2
4166,34
4167,518
4168,517
4169,525
4170,618
4172,540
4173,33
4174,508
4175,529
4176,533
4177,594
4178,41
4179,377
4180,447
4181,15
4182,25
4183,29
4184,57
4185,120
4186,118
4187,36
4188,30
4189,36
4190,110
4191,96
4192,118
4193,49
4194,50
4195,29
4196,36
4197,60
4198,197
4199,184
4200,142
4201,159
4202,20
4203,9
4204,19
4205,38
4206,38
4207,19
4208,12
4209,10
5006,519
5007,246
5008,32
5009,143
5010,539
5011,518
5012,3050
5013,98
5014,575
5015,1954
5016,7796
5017,9991
5018,8215
5019,6592
5020,4870
5021,2337
5022,829
5023,259
5024,2009
5025,1041
5026,2475
5027,3975
5028,3981
5029,6630
5030,6594
5031,8864
5032,8793
5033,2161
5034,5419
5035,7148
5036,2118
5037,3340
5038,3623
5039,3162
5040,1954
5041,1071
5042,241
5043,612
5044,1177
5045,574
5046,347
5047,2589
5048,1093
5049,3948
5050,4138
5051,4175
5052,3814
5053,4576
5054,10378
5055,10374
5056,10234
5057,12400
5058,10102
5059,10134
5060,798
5061,4664
5062,7497
5063,11503
5064,10117
5065,367
5066,6192
5067,354
5068,8844
5069,5751
5070,4014
5071,8905
5072,2477
5073,3132
5074,540
5075,5463
5076,6553
5101,5413
5102,5393
5103,5382
5104,4154
5105,4081
5106,4965
5107,6721
5108,6823
5109,5544
5110,5536
5111,6834
5112,5407
5113,6775
5114,6774
5115,6764
5116,6646
5117,6555
5118,5535
5119,5535
5120,6892
5121,6915
5122,5680
5123,5612
5124,5586
5125,5657
5126,5437
5127,5272
5128,4379
5129,5408
5130,3837
5131,2794
5132,3428
5133,3430
5134,3926
5135,3422
5136,4240
5137,3926
5138,3815
5139,4907
5140,5413
5141,4585
5142,3186
5143,5005
5144,4448
5145,1490
5146,2777
5147,2794
5148,2125
5149,2141
5150,2275
5151,2186
5152,2312
5153,2961
5154,1645
5155,793
5156,276
5157,71
5158,5097
5159,3823
5160,2277
5161,5189
5162,5458
5163,3409
5164,5306
5165,3182
5166,2242
5167,2579
5168,3218
5169,2568
5170,212
5171,4740
5172,3226
5173,1936
5174,4540
5175,5432
5176,6747
5177,6658
5178,6564
5179,4757
5180,4757
5181,4295
5182,3413
5183,3441
5184,4003
5185,5332
5186,4899
5187,6575
5188,3575
5189,6575
5190,5426
5191,6716
5192,6773
5193,3921
5194,4623
5195,4017
5196,4078
5197,4569
5198,2285
5199,2892
5200,4018
5201,2411
5202,1603
5203,1576
5204,37
5205,1728
5206,536
5207,338
5208,547
5209,116
5210,106
5211,263
5212,460
5213,113
5214,96
5215,14
5216,14
5217,1514
5218,354
5219,1737
5220,615
5221,420
5222,657
5223,430
5224,430
5225,435
5226,420
5227,638
5228,428
5229,642
5230,690
5231,297
5232,420
5233,298
5234,37
5235,26
5236,8
5237,19
5238,214
5239,347
5240,2989
5241,1980
5242,2475
5243,1826
5244,435
5245,2575
5246,427
5247,419
5248,1282
5249,79
5250,200
5251,230
5252,283
5253,527
5254,761
5255,1346
5256,1404
5257,1473
5258,881
5259,582
5260,571
5261,273
5262,38
5263,59
5264,21
5265,2
5266,3
5267,220
5268,560
5269,859
5270,934
5271,1109
5272,861
5273,559
5274,587
5275,480
5276,212
5277,121
5278,116
5279,14
5280,72
5281,63
5282,70
5283,212
5284,62
5285,2
5286,99
5287,1283
5288,3497
5289,670
5290,1728
5291,3255
5292,1390
5293,160
5294,261
5295,127
5296,107
5297,97
5298,34
5299,59
5300,26
5301,1122
5302,1189
5303,65
5304,70
5305,5
5306,6
5307,1072
5308,1138
5309,1140
5310,1137
5311,1164
5312,72
5313,51
5314,36
5315,64
5316,96
5317,120
5318,1113
5319,1116
5320,1085
5321,1085
5322,6
5323,13
5324,13
5325,75
5326,67
5327,75
5328,18
5329,26
5330,63
5331,13
5332,15
5333,149
5334,1135
5335,88
5336,24
5337,39
5338,89
5339,73
5340,110
5341,122
5342,114
5343,34
5344,34
5345,8
5346,59
5347,117
5348,54
5349,20
5350,19
5351,6
5352,26
5353,133
6001,3468
6002,3344
6003,3344
6004,3215
6005,3344
6006,3344
6007,3344
6008,3183
6009,3216
6010,3265
6011,3311
6012,3295
6013,3284
6014,3022
6015,732
6016,2037
6017,3346
6018,3335
6019,3282
6020,2087
6021,151
6022,71
6023,2372
6024,90
6025,2516
6026,505
6027,267
6028,205
6029,160
6030,183
6031,438
6032,432
6033,10
6034,46
6035,11
6036,38
6037,93
6038,101
6039,47
6040,41
6041,51
6042,34
6043,69
6044,83
6045,71
6046,120
6047,116
6048,92
6049,74
6050,56
6051,20
6052,28
6053,197
6054,1218
6055,237
6056,63
6057,67
6058,862
6059,54
6060,2527
6061,2606
6062,54
6063,41
6064,140
6065,85
6066,172
6067,18
6068,78
6069,96
6070,134
6071,98
6072,772
6073,458
6074,62
6075,107
6076,31
6077,49
6078,42
6079,90
6080,497
6081,1199
6082,489
6083,1676
6084,1819
6085,1009
6086,714
6087,1882
6088,2509
6089,1908
6090,237
6091,559
6092,1302
6093,1193
6094,1908
6095,1847
6096,1308
6112,3380
6113,3381
6114,3380
6115,3380
6116,3343
6117,3216
6118,3346
6119,3344
6120,3429
6121,3313
6122,80
6123,29
6124,1684
6512,155
6532,169
6541,248
6542,580
6543,291
6624,117
7001,8187
7002,2281
7003,33
7004,8
7005,7
7006,1168
7007,1170
7008,3477
7009,2800
7010,4049
7011,3226
7012,1210
7013,2039
7014,1936
7015,3007
7016,3167
7017,3573
7018,3066
7019,1296
7020,1933
7021,4439
7022,5580
7023,6238
8001,4072
8002,4084
8003,4069
8004,4068
8005,4068
8006,3957
8007,3915
8008,3876
8009,3880
8010,3253
8011,3888
8012,3886
8013,3889
8014,3889
8015,4072
8016,3982
8017,3360
8018,3349
8019,3335
8020,3073
8021,3160
8022,2530
8023,3770
8024,3882
8025,3017
8026,1904
8027,158
8028,144
8029,115
8030,47
8031,1323
8032,54
8033,54
8034,25
8035,24
8036,54
8037,17
8038,29
8039,53
8040,34
8041,30
8042,23
8043,187
8044,14
8045,162
8046,860
8047,933
8048,167
8049,133
8050,124
8051,15
8052,18
8053,18
8054,778
8055,2089
8056,2468
8057,2275
8058,1022
8059,682
8060,1084
8061,2013
8062,1038
8063,1089
8064,2574
8065,3862
8066,4008
8067,3102
8068,3254
8069,3123
8070,954
8071,626
8072,60
8073,142
8074,19
8075,574
8076,21
8077,27
8078,23
8079,22
8080,17
8081,12
8082,8
8083,571
8084,567
8085,4
8086,4
8087,57
8088,228
8089,252
8090,31
8091,236
8092,241
8093,250
8094,229
8095,200
8096,228
8097,168
8098,241
8099,239
8100,103
8101,34
8102,871
8103,933
8104,876
8105,201
8106,58
8107,198
8108,76
8109,208
8110,179
8111,33
8112,720
8113,647
8114,732
8115,732
8116,4
8117,732
8118,171
8119,17
8120,717
8121,36
8122,27
8123,597
8124,1340
8125,1087
8126,625
8127,17
8128,2970
8129,63
8130,63
8131,1169
8132,1518
8133,275
8134,218
8135,59
8136,59
8137,211
8138,368
8139,93
8140,87
8141,175
8142,82
8143,82
8144,20
8145,14
8146,57
8147,294
8148,139
8149,302
8150,257
8151,249
8152,323
8153,319
8154,275
8155,259
8156,11
8157,8
8158,4
8159,25
8160,14
8161,12
8162,305
8163,202
8164,2103
8165,2961
8166,851
8167,942
8168,730
8169,734
8170,732
8171,732
8172,171
9001,0
9002,13
9003,27
9004,6
9005,6
9006,418
9007,39
9008,55
9009,65
9010,153
9011,158
9012,198
9013,203
9014,224
9015,204
9016,50
9017,51
9018,97
9019,75
9020,115
9021,79
9022,98
9023,80
9024,81
9025,97
9026,764
9027,545
9028,3073
9029,199
9030,76
9031,141
9032,100
9033,161
9034,179
9035,320
9036,329
9037,446
9038,689
9039,1452
9040,2177
9041,1158
9042,2899
9043,5943
9044,5004
9045,6443
9046,7796
9047,6254
9048,4634
9049,3594
9051,2489
9052,6145
9054,5497
9055,5456
9056,1337
9057,2953
9058,5002
9059,1971
9060,4172
9061,4215
9062,2714
9063,3469
9064,1174
9065,1198
9066,696
9067,4893
9068,5298
9069,6116
9070,4939
9071,5531
9072,5398
9073,4828
9074,4843
9076,6445
9077,5336
9078,6411
9079,6494
9080,6770
9081,6604
9082,6676
9083,6783
9084,5712
9085,6835
9086,5831
9087,6018
9088,5372
9089,5725
9090,6282
9091,6281
9092,6310
9093,5760
9094,5758
9095,5774
9096,5651
9097,4927
9098,869
9099,5569
9100,4364
9101,3317
9102,2653
9103,682
9104,384
9105,446
9106,364
9107,1553
9108,3687
9109,5764
9110,3700
9111,3849
9112,5182
9113,3800
9114,5735
9115,5160
9116,3880
9117,3785
9118,2842
9119,1132
9120,1442
9121,2512
9122,2575
9123,2613
9124,1617
9125,1250
9126,448
9127,2509
9128,2048
9129,1506
9130,1945
9131,1285
9132,774
9133,929
9134,951
9135,375
9136,91
9137,206
9138,687
9139,608
9140,509
9141,672
9142,490
9143,608
9144,264
9145,245
9146,284
9147,534
9148,61
9149,59
9150,54
9151,23
9152,409
9153,696
9154,431
9156,599
9157,583
9158,825
9159,741
9160,226
9161,333
9162,11
9163,8
9164,6
9165,20
9166,38
9167,59
9168,84
9169,73
9170,86
9171,70
9172,16
9173,109
9174,52
9175,18
9176,86
9177,157
9178,151
9179,182
9180,105
9181,190
9182,104
9183,82
9184,47
9185,300
9186,122
9187,58
9188,58
9189,186
9190,220
9191,294
9192,897
9193,916
9194,1696
9195,1769
9196,882
9197,315
9198,855
9199,992
9200,1314
9201,1300
9202,1208
9203,4383
9204,1938
9205,1567
9206,1040
9207,2563
9208,2693
9209,1459
9210,4477
9211,5447
9212,9782
9213,7873
9214,5581
9215,710
9216,5674
9217,655
9218,626
9220,233
9221,221
9222,110
9223,90
9224,56
9225,79
9226,78
9227,156
9228,57
9229,2099
9230,46
9231,1716
9232,330
9233,242
9234,562
9235,3990
9236,5986
9237,6651
9238,4796
9239,5545
9240,5512
9241,2754
9242,3253
9243,5169
9244,6217
9245,6218
9246,5468
9247,6123
9249,4873
9250,4135
9251,4889
9252,9858
9253,6406
9254,9488
9255,9252
9256,8760
9257,6566
9258,6198
9259,3662
9260,3532
9261,5695
9263,5293
9264,5883
9265,3978
9266,5980
9267,3329
9268,3486
9269,1855
9270,483
9271,1104
9272,1017
9273,1495
9274,1461
9275,1301
9276,1158
9277,2076
9278,5116
9279,3672
9280,4072
9281,5039
9282,3112
9283,1701
9284,1889
9285,1691
9286,901
9287,1959
9288,1391
9289,1120
9290,1129
9291,174
9292,2252
9293,1657
9294,505
9295,242
9297,81
9298,76
9299,204
9300,36
9301,1304
9302,1534
9303,141
9304,157
9305,251
9306,279
9307,6066
9308,4628
9309,419
9310,6755
9311,6308
9312,5712
9313,103
9314,176
9315,185
9316,180
9317,203
9318,208
9319,83
9320,59
9321,81
9322,84
9323,33
9324,33
9325,25
9326,13
9327,51
9328,407
9329,498
9330,499
9331,428
9332,33
9333,410
9334,427
9335,412
9336,798
9337,683
9338,476
9339,67
9340,77
9341,111
9342,51
9343,37
9344,19
9345,66
9346,48
9347,42
9348,26
9349,6
9350,14
9351,17
9352,195
9353,810
9354,810
9355,806
9356,810
9357,806
9358,425
9359,410
9360,560
9361,336
9401,5098
9402,943
9403,3835
10001,24673
10002,24133
10003,25061
10004,25050
10005,24577
10006,24511
10007,24362
10008,24976
10009,25061
10010,23951
10011,24265
10012,24224
10013,24686
10014,25031
10015,24436
10016,24307
10017,24454
10018,24985
10019,24521
10020,24958
10021,24388
10022,25129
10023,25338
10024,24452
10025,24970
10026,25068
10027,25400
10028,25716
10029,25355
10030,26053
10031,26214
10032,25387
10033,26840
10034,24552
10035,24642
10036,24331
10037,23402
10038,21907
10039,23327
10040,23285
10041,23988
10042,24465
10043,23518
10044,23360
10045,22652
10046,20458
10047,22086
10048,18785
10049,15904
10050,15003
10051,10834
10052,24902
10053,24503
10054,22188
10055,20499
10056,23616
10057,20309
10058,16181
10059,15590
10060,15458
10061,9288
10062,11552
10063,14056
10064,24122
10065,25128
10066,23645
10067,23728
10068,22020
10069,21099
10070,18643
10071,18902
10072,19959
10073,13383
10074,13511
10075,10992
10076,10027
10077,10192
10078,11657
10079,19153
10080,11322
10081,11718
10082,25704
10083,24370
10084,23126
10085,21385
10086,25175
10087,25378
10088,26248
10089,25523
10090,24703
10091,23835
10092,22243
10093,23088
10094,21349
10095,20755
10096,21102
10097,18633
10098,19113
10099,13860
10100,12196
10101,25402
10102,24873
10103,24094
10104,23759
10105,22405
10106,20219
10107,12127
10108,12851
10109,14898
10110,13352
10111,17473
10112,20268
10113,23095
10114,23300
10115,24055
10116,25298
10117,24328
10118,26861
10119,25607
10120,27136
10121,26401
10122,25898
10123,27320
10124,27210
10125,26464
10126,27005
10127,26380
10128,26244
10129,24302
10130,24130
10131,22302
10132,22151
10133,17458
10134,17601
10135,17112
10136,23371
10137,17896
10138,24666
10139,18655
10140,17739
10141,25697
10142,18267
10143,20314
10144,25627
10145,27056
10146,26693
10147,27816
10148,26971
10149,28651
10150,26890
10151,32536
10152,33426
10153,28687
10154,25575
10155,24763
10156,24493
10157,25052
10158,22110
10159,23776
10160,26792
10161,26392
10162,27679
10163,27645
10164,26825
10165,26525
10166,27603
10167,27445
10168,27554
10169,27667
10170,28002
10171,29945
10172,34426
10173,28317
10174,27045
10175,27226
10176,27447
10177,24519
10178,19853
10179,18010
10180,17872
10181,24242
10182,25508
10183,24677
10184,24684
10185,25950
10186,27606
10187,28624
10188,28531
10189,28679
10190,30776
10191,35695
10192,35540
10193,30011
10194,30507
10195,29096
10196,27830
10197,24889
10198,27248
10199,23793
10200,21765
10201,21036
10202,20575
10203,18922
10204,22939
10205,20385
10206,17539
10207,22194
10208,23973
10209,24206
10210,21250
10211,18359
10212,19687
10213,17883
10214,27526
10215,29044
10216,28233
10217,26676
10218,28352
10219,28358
10220,27827
10221,27824
10222,22903
10223,14715
10224,18889
10225,18604
10226,17410
10227,23868
10228,18964
10229,24878
10230,18829
10231,17719
10232,16975
10233,17128
10234,20162
10235,26609
10236,26174
10237,24615
10238,26392
10239,26153
10240,24897
10241,25296
10242,25287
10243,20528
10244,22244
10245,18044
10246,16492
10247,13489
10248,15403
10249,11142
10250,11792
10251,9519
10252,8487
10253,11310
10254,8382
10255,9172
10256,17165
10257,20844
10258,21156
10259,9229
10260,11281
10261,18047
10262,11801
10263,12778
10264,7843
10265,8472
10266,7468
10267,7549
10268,6723
10269,6352
10270,19109
10271,19197
10272,18321
10273,9240
10274,17349
10275,20387
10276,18928
10277,18510
10278,17664
10279,15090
10280,13448
10281,14843
10282,17790
10283,14880
10284,10926
10285,7714
10286,9283
10287,10542
10288,11690
10289,7302
10290,7682
10291,6777
10292,6295
10293,6860
10294,10254
10295,10668
10296,10171
10297,9819
10298,10691
10299,9945
10300,10406
10301,10065
10302,10271
10303,10946
10304,11580
10305,10806
10306,10817
10307,10964
10308,5844
10309,5620
10310,3685
10311,5093
10312,3142
10313,5911
10314,2645
10315,6575
10316,7103
10317,6359
10318,6224
10319,8479
10320,10660
10321,9045
10322,8287
10323,10953
10324,10948
10325,10507
10326,11156
10327,11787
10328,8067
10329,7120
10330,6537
10331,12858
10332,12950
10333,11051
10334,12207
10335,7176
10336,6193
10337,8359
10338,3903
10339,8973
10340,10025
10341,9051
10343,9140
10344,10612
10345,12989
10346,13954
10347,12145
10348,14563
10349,13566
10350,14258
10351,13882
10352,13839
10353,13524
10354,13384
10355,13146
10356,13840
10357,13378
10358,12822
10359,12609
10360,12137
10361,12242
10362,12458
10363,12529
10364,13541
10365,14563
10366,12354
10367,11817
10368,8376
10369,8496
10370,12814
10371,12880
10372,13311
10373,12520
10374,12244
10375,12061
10376,11821
10377,11888
10378,12190
10379,10504
10380,10327
10381,8794
10382,7814
10383,6315
10384,4928
10385,7321
10386,9198
10387,11560
10388,10399
10389,10658
10390,10515
10391,12644
10392,11481
10393,12511
10394,12710
10395,12445
10396,13039
10397,12610
10398,12891
10399,14973
10400,14818
10401,14126
10402,14072
10403,12015
10404,14508
10405,13836
10406,14003
10407,12861
10408,12320
10409,11084
10410,10062
10411,10172
10412,8242
10413,3707
10414,5364
10415,10767
10416,10988
10417,11522
10418,11727
10419,10954
10420,8917
10421,8573
10422,10270
10423,9942
10424,10691
10425,8663
10426,8312
10427,6150
10428,7133
10429,7746
10430,6231
10431,6638
10432,5829
10433,4709
10434,3111
10435,3176
10436,11101
10437,10662
10438,10695
10439,4316
10440,3023
10441,2541
10442,1623
10443,2081
10444,3496
10445,4281
10446,3738
10447,2166
10448,1810
10449,958
10450,726
10451,3715
10452,3038
10453,3408
10454,3452
10455,2480
10456,3007
10457,2268
10458,711
10459,728
10460,1743
10461,744
10462,11708
10463,11470
10464,11366
10465,10331
10466,9635
10467,9328
10468,12552
10469,10959
10470,10174
10471,15237
10472,15900
10473,13651
10474,13438
10475,12998
10476,12871
10477,11116
10478,11695
10479,7502
10480,10845
10481,11393
10482,8848
10483,9107
10484,10573
10485,5943
10486,8194
10487,5513
10488,4765
10489,16258
10490,15987
10491,16368
10492,13709
10493,15011
10494,13871
10495,12914
10496,12772
10497,11691
10498,14872
10499,13724
10500,12995
10501,13256
10502,12551
10503,14155
10504,12607
10505,13292
10506,13259
10507,12246
10508,11534
10509,11797
10510,11459
10511,11874
10512,10141
10513,7971
10514,5178
10515,4559
10516,12990
10517,12331
10518,11215
10519,12276
10520,13926
10521,15685
10522,12205
10523,16095
10524,14261
10525,11435
10526,15942
10527,16014
10528,16400
10529,15212
10530,16046
10531,15524
10532,15039
10533,15427
10534,14843
10535,13909
10536,13842
10537,13834
10538,13243
10539,13952
10540,14083
10541,13954
10542,14419
10543,13887
10544,14631
10545,15923
10546,13916
10547,15949
10548,15810
10549,14690
10550,14799
10551,15659
10552,14298
10553,14455
10554,14142
10555,18669
10556,20433
10557,20200
10558,20045
10559,19485
10560,13956
10561,13894
10562,13932
10563,12381
10564,13813
10565,14124
10566,13228
10567,14190
10568,14646
10569,14036
10570,13903
10571,13992
10572,18917
10573,18213
10574,18114
10575,13307
10576,11464
10577,8133
10578,12445
10579,14899
10580,7885
10581,6409
10582,7502
10583,7453
10584,6853
10585,6843
10586,8162
10587,7850
10588,6698
10589,9057
10590,7532
10591,4820
10592,4628
10593,6933
10594,5099
10595,6802
10596,4569
10597,7362
10598,18463
10599,16629
10600,15754
10601,16469
10602,16081
10603,14399
10604,15428
10605,14979
10606,16385
10607,13952
10608,13940
10609,14233
10610,15633
10611,13578
10612,12737
10613,15341
10614,13642
10615,9079
10616,13499
10617,13515
10618,14605
10619,13007
10620,13730
10621,11568
10622,6353
10623,6038
10624,12274
10625,5288
10626,5866
10627,5075
10628,8846
10629,8078
10630,8463
10631,12917
10632,8358
10633,8904
10634,10161
10635,9923
10636,9803
10637,13271
10638,14569
10639,13333
10640,11463
10641,11436
10642,10585
10643,9991
10644,9419
10645,7739
10646,7740
10647,16801
10648,14885
10649,18818
10650,18214
10651,19946
10652,20681
10653,20608
10654,20243
10655,19657
10656,23657
10657,22227
10658,15358
10659,16402
10660,14676
10661,15895
10662,19211
10663,17129
10664,18588
10665,17349
10666,15498
10667,19006
10668,18544
10669,16930
10670,17336
10671,18103
10672,18095
10673,17506
10674,17467
10675,16955
10676,15836
10677,13742
10678,17358
10679,14980
10680,9659
10681,15343
10682,12406
10683,11750
10684,9795
10685,15577
10686,10045
10687,10304
10688,10457
10689,10778
10690,9948
10691,9009
10692,7464
10693,7510
10694,7942
10695,6713
10696,23613
10697,24761
10698,24161
10699,21629
10700,22254
10701,24067
10702,22280
10703,18187
10704,19946
10705,20553
10706,22232
10707,20165
10708,21372
10709,22015
10710,20911
10711,20397
10712,20487
10713,21953
10714,21004
10715,21922
10716,21796
10717,22334
10718,23315
10719,20410
10720,22129
10721,22818
10722,21847
10723,18963
10724,16789
10725,16172
10726,16751
10727,16162
10728,16629
10729,17053
10730,17268
10731,17404
10732,17566
10733,16726
10734,15926
10735,14939
10736,19754
10737,15055
10738,23424
10739,21363
10740,13758
10741,20045
10742,16006
10743,19806
10744,16154
10745,15614
10746,15214
10747,15209
10748,14170
10749,15440
10750,14588
10751,14047
10752,13095
10753,12408
10754,13321
10755,11901
10756,12604
10757,10155
10758,6666
10759,7588
10760,9088
10761,11334
10762,9105
10763,9127
10764,7796
10765,10292
10766,11184
10767,12544
10768,13277
10769,13232
10770,14128
10771,14295
10772,10961
10773,9986
10774,10880
10775,9955
10776,11390
10777,11124
10778,9033
10779,9211
10780,8407
10781,6621
10782,6272
10783,6554
10784,6229
10785,5713
10786,6037
10787,9069
10788,10200
10789,10335
10790,10131
10791,9602
10792,8448
10793,11056
10794,11779
10795,11567
10796,9941
10797,6804
10798,6230
10799,5352
10800,2713
10801,6005
10802,8151
10803,7038
10804,5781
10805,6516
10806,3905
10807,3908
10808,4373
10809,3910
10810,4759
10811,5499
10812,4778
10813,4328
10814,5521
10815,3885
10816,3535
10817,1733
10818,641
10819,892
10820,821
10821,4818
10822,4173
10823,5227
10824,2707
10825,2833
10826,4332
10827,3498
10828,4284
10829,4026
10830,3949
10831,4001
10832,3405
10833,4524
10834,4337
10835,3372
10836,3084
10837,2265
10838,2010
10839,1906
10840,2971
10841,2635
10842,2914
10843,6184
10844,7995
10845,7899
10846,6750
10847,7750
10848,8081
10849,7771
10850,8386
10851,6996
10852,6386
10853,5502
10854,7345
10855,6428
10856,4630
10857,4650
10858,6267
10859,7462
10860,4468
10861,4287
10862,2122
10863,3166
10864,3544
10865,3239
10866,3210
10867,2516
10868,2159
10869,3556
10870,3632
10871,4132
10872,3603
10873,2075
10874,1846
10875,3298
10876,2437
10877,2664
10878,2217
10879,2762
10880,2355
10881,2476
10882,3315
10883,4845
10884,3452
10885,2899
10886,2952
10887,2542
10888,2729
10889,2756
10890,2405
10891,2624
10892,1692
10893,2045
10894,2511
10895,2592
10896,2172
10897,2090
10898,1852
10899,1845
10900,6947
10901,7098
10902,6779
10903,5958
10904,5707
10905,5090
10906,4086
10907,7455
10908,6476
10909,5301
10910,4736
10911,6586
10912,5497
10913,5294
10914,7455
10915,5972
10916,7214
10917,10113
10918,9970
10919,8979
10920,9262
10921,8706
10922,7487
10923,7305
10924,3723
10925,3172
10926,3129
10927,2713
10928,3150
10929,2665
10930,3113
10931,2770
10932,2277
10933,2504
10934,2854
10935,2632
10936,2449
10937,2015
10938,1964
10939,1852
10940,1623
10941,1942
10942,6371
10943,6043
10944,6001
10945,8634
10946,9396
10947,9305
10948,9865
10949,8799
10950,8681
10951,10176
10952,10045
10953,9831
10954,11305
10955,9846
10956,5901
10957,5591
10958,9252
10959,2736
10960,5936
10961,8848
10962,9795
10963,9128
10964,7256
10965,6171
10966,4919
10967,1153
10968,427
10969,230
10970,296
10971,436
10972,804
10973,1115
10974,2218
10975,438
10976,4845
10977,5530
10978,8500
10979,9660
10980,10808
10981,8997
10982,9379
10983,9050
10984,8492
10985,9019
10986,9001
10987,9158
10988,9423
10989,9620
10990,8813
10991,8091
10992,3931
10993,2862
10994,4339
10995,5938
10996,6763
10997,5858
10998,1595
10999,699
11000,671
11001,720
11002,1327
11003,1160
11004,2084
11005,4671
11006,6797
11007,6827
11008,5685
11009,5357
11010,10115
11011,6032
11012,4154
11013,2248
11014,1820
11015,1798
11016,3337
11017,5972
11018,11013
11019,3728
11020,8999
11021,6681
11022,6321
11023,5495
11024,5573
11025,6672
11026,9375
11027,9971
11028,9808
11029,9528
11030,9638
11031,10562
11032,10664
11033,9961
11034,9159
11035,9342
11036,9779
11037,10485
11038,10065
11039,7254
11040,6776
11041,8576
11042,8373
11043,5717
11044,5712
11045,5043
11046,5331
11047,6787
11048,6672
11049,6184
11050,6208
11051,1973
11052,3195
11053,2037
11054,393
11055,392
11056,280
11057,706
11058,1234
11059,2856
11060,639
11061,382
11062,13333
11063,13685
11064,16581
11065,16600
11066,16205
11067,15919
11068,15873
11069,15992
11070,17005
11071,17359
11072,16640
11073,14295
11074,14019
11075,14632
11076,15185
11077,9999
11078,7974
11079,9692
11080,10863
11081,11855
11082,12235
11083,12565
11084,12894
11085,11893
11086,9993
11087,10518
11088,12926
11089,12755
11090,13798
11091,14025
11092,13990
11093,13018
11094,13858
11095,13563
11096,12894
11097,12515
11098,11402
11099,8836
11100,10572
11101,12891
11102,12746
11103,12788
11104,13358
11105,13253
11106,15152
11107,14829
11108,14940
11109,15074
11110,15032
11111,7630
11112,4864
11113,3833
11114,3172
11115,1324
11116,1575
11117,3467
11118,2125
11119,2691
11120,3571
11121,3957
11122,4324
11123,4728
11124,9823
11125,13827
11126,6676
11127,3204
11128,3133
11129,2606
11130,2733
11131,8614
11132,2803
11133,2291
11134,2108
11135,1428
11136,925
11137,546
11138,786
11139,864
11140,901
11141,1877
11142,1861
11143,901
11144,994
11145,557
11146,381
11147,361
11148,267
11149,510
11150,231
11151,246
11152,213
11153,10376
11154,18468
11155,24098
11156,19828
11157,26780
11158,27528
11159,7736
11160,11205
11161,12103
11162,13343
11163,16576
11164,15704
11165,21859
11166,17415
11167,20381
11168,15176
11169,20354
11170,13882
11171,14079
